<?xml version="1.0" encoding="UTF-8"?>

<beans xmlns="http://www.springframework.org/schema/beans" 
       xmlns:xsi="http://www.w3.org/2001/XMLSchema-instance"
       xmlns:context="http://www.springframework.org/schema/context"
       xmlns:mvc="http://www.springframework.org/schema/mvc"
       xsi:schemaLocation="http://www.springframework.org/schema/beans 
                           http://www.springframework.org/schema/beans/spring-beans.xsd
                           http://www.springframework.org/schema/context 
                           http://www.springframework.org/schema/context/spring-context.xsd
                           http://www.springframework.org/schema/mvc
                           http://www.springframework.org/schema/mvc/spring-mvc.xsd">
                           
 
                           
	 <!-- 빈 객체 자동 등록 하기 -->
	 <context:component-scan base-package="kr.co.mlec" />
	 
	 <!-- mvc 관련 객체 등록 작업 진행 : @RequestMapping 등의 어노테이션 처리 -->
	<mvc:annotation-driven> 
		<mvc:message-converters> 
			<bean class= "org.springframework.http.converter.StringHttpMessageConverter"> 
				<property name="supportedMediaTypes"> 
					<list> 
						<value>text/html; charset=UTF-8</value> 
					</list> 
				</property> 
			</bean> 
		</mvc:message-converters> 
	</mvc:annotation-driven>
	 
	 <!-- 인증처리 인터셉터  **(하위모든 것) -->
<!-- 	 <mvc:interceptors> -->
<!-- 	 	<mvc:interceptor> -->
<!-- 	 		<mvc:mapping path="/mvc/09interceptor/**" /> -->
<!-- 	 		<mvc:exclude-mapping path="/mvc/09interceptor/login*.do"/> -->
<!-- 	 		<bean class="kr.co.mlec.mvc._09interceptor.AuthInterceptor" /> -->
<!-- 	 	</mvc:interceptor> -->
<!-- 	 </mvc:interceptors> -->
	 
<!-- 	 <bean id="multipartResolver"  -->
<!-- 	 class= "org.springframework.web.multipart.commons.CommonsMultipartResolver">  -->
	 <!-- 최대 업로드 파일 사이즈 : 10MB  -->
<!-- 	 <property name="maxUploadSize" value="10485760" />  -->
<!-- 	 </bean> -->
	 
	 <!-- WEB의 정적 파일등의 페이지 처리 위해 사용 -->
	 <mvc:default-servlet-handler />
	 
	 <!-- jsp 페이지로 이동시 참고 -->
	 <mvc:view-resolvers>
	 	<mvc:jsp prefix="/WEB-INF/jsp/" suffix=".jsp" />
	 </mvc:view-resolvers>
	 
</beans>






