<?xml version="1.0" encoding="euc-kr"?>

<beans xmlns="http://www.springframework.org/schema/beans"
	xmlns:p="http://www.springframework.org/schema/p"	    
    xmlns:aop="http://www.springframework.org/schema/aop"
	xmlns:context="http://www.springframework.org/schema/context"
	xmlns:tx="http://www.springframework.org/schema/tx"	    	    
    xmlns:xsi="http://www.w3.org/2001/XMLSchema-instance"
    xsi:schemaLocation="http://www.springframework.org/schema/beans   
    http://www.springframework.org/schema/beans/spring-beans.xsd
    http://www.springframework.org/schema/aop
    http://www.springframework.org/schema/aop/spring-aop.xsd
    http://www.springframework.org/schema/tx
    http://www.springframework.org/schema/tx/spring-tx.xsd    
    http://www.springframework.org/schema/context
    http://www.springframework.org/schema/context/spring-context.xsd">
    
	<context:property-placeholder 
		location="classpath:config/mybatis/db.properties"/>
                  
	<bean id="dataSource" class="org.apache.commons.dbcp2.BasicDataSource"
		destroy-method="close"
      	p:driverClassName="${driver}"
        p:url="${url}?serverTimezone=UTC"
        p:username="guldari" 
        p:password="ha07191692@!" />
	                                                                                           
	<bean id="sqlSessionFactory" class="org.mybatis.spring.SqlSessionFactoryBean">
		<property name="dataSource" ref="dataSource" />
		<property name="typeAliasesPackage" value="kr.co.mlec.repository.vo" />			
		<property name="mapperLocations" value="classpath:config/mapper/*.xml" />
		<property name="configLocation" value="classpath:config/mybatis/sqlMapConfig.xml" />		
	</bean>
	
	<bean class="org.mybatis.spring.mapper.MapperScannerConfigurer">
		<property name="basePackage" value="kr.co.mlec.repository.dao" />
	</bean>
	
	<bean id="transactionManager"
		class="org.springframework.jdbc.datasource.DataSourceTransactionManager">
		<property name="dataSource" ref="dataSource" />
	</bean>

	<tx:advice id="txAdvice" transaction-manager="transactionManager">
	    <tx:attributes>
		    <tx:method name="*" rollback-for="Exception" />
		</tx:attributes>
	</tx:advice>
	
	<aop:config>
		<aop:pointcut id="tranMethod"
		              expression="execution(public * kr.co.mlec..service.*Impl.*(..)) "/>
		<aop:advisor advice-ref="txAdvice" pointcut-ref="tranMethod" />
	</aop:config>
</beans>




